<?xml version="1.0" encoding="UTF-8"?>
<project-private xmlns="http://www.netbeans.org/ns/project-private/1">
    <editor-bookmarks xmlns="http://www.netbeans.org/ns/editor-bookmarks/2" lastBookmarkId="0"/>
    <open-files xmlns="http://www.netbeans.org/ns/projectui-open-files/2">
        <group>
            <file>file:/C:/Users/ACER/Documents/NetBeansProjects/INTERFAZ_II/src/interfaz_ii/Registro_Alum.java</file>
            <file>file:/C:/Users/ACER/Documents/NetBeansProjects/INTERFAZ_II/src/interfaz_ii/MenuPrincipal.java</file>
            <file>file:/C:/Users/ACER/Documents/NetBeansProjects/INTERFAZ_II/src/interfaz_ii/ReporteVisualAulas.java</file>
            <file>file:/C:/Users/ACER/Documents/NetBeansProjects/INTERFAZ_II/src/interfaz_ii/asignarSilla_1.java</file>
        </group>
    </open-files>
</project-private>
